"1","Bruce Bailey","bruce.bailey@example.com","","2021-07-19T10:43:13.567000Z","2021-07-23T12:37:10.440000Z","uMg1ee","0101018666","users/1/05bc7c1f4794cd4023143df2fa13c111.jpg","","1","","1","http://218.255.176.62/storage/users/1/05bc7c1f4794cd4023143df2fa13c111.jpg"
"2","Lance Barnes","lance.barnes@example.com","","2021-07-21T06:46:13.627000Z","2021-07-23T04:33:47.067000Z","aSfascq12d","1231231231","users/2/profile/TD3ePb1RQQrb6xNOcPdHpTUbh7WmnWaCmx2SO0GZ.jpg","151 Crockett St","1","","1","http://218.255.176.62/storage/users/2/profile/TD3ePb1RQQrb6xNOcPdHpTUbh7WmnWaCmx2SO0GZ.jpg"
"3","Billy Sims","francisca02@example.org","","2021-07-23T05:09:01.710000Z","2021-07-23T06:43:13.447000Z","uMg1e","5676578678","users/3/1955f86efaf48b99e4b0343855d5f2c5.png","","1","","1","http://218.255.176.62/storage/users/3/1955f86efaf48b99e4b0343855d5f2c5.png"
"4","Carter Thompson","carter.thompson@example.com","","2021-07-23T12:48:19.387000Z","2021-07-23T12:48:19.387000Z","ABC123s","1234567890","","","1","","1","http://218.255.176.62/htl/public/assets/media/users/blank.png"
"5","Prof. Tony Champlin","estel.howell@example.com","2021-07-24T10:38:43.913000Z","2021-07-24T10:38:43.930000Z","2021-07-24T10:38:43.930000Z","SKPxw","18545574632","","","1","","1","http://218.255.176.62/htl/public/assets/media/users/blank.png"
"6","Mateo Gislason","schowalter.esmeralda@example.net","2021-07-24T10:38:43.913000Z","2021-07-24T10:38:43.937000Z","2021-07-24T10:38:43.937000Z","12h6w","+1-970-857-3638","","","1","","1","http://218.255.176.62/htl/public/assets/media/users/blank.png"
"7","Mr. Arnold Glover III","rheaney@example.org","2021-07-24T10:38:43.913000Z","2021-07-24T10:38:43.940000Z","2021-07-24T10:38:43.940000Z","pefQk","+1 (530) 333-5973","","","1","","1","http://218.255.176.62/htl/public/assets/media/users/blank.png"
"8","Dr. Tyrique Mraz IV","zwolff@example.com","2021-07-24T10:38:43.913000Z","2021-07-24T10:38:43.943000Z","2021-07-24T10:38:43.943000Z","lnjm7","314.325.7516","","","1","","1","http://218.255.176.62/htl/public/assets/media/users/blank.png"
"9","Gail Lind","zoe.rodriguez@example.net","2021-07-24T10:38:43.917000Z","2021-07-24T10:38:43.947000Z","2021-07-24T10:38:43.947000Z","xKanz","+1.901.613.8221","","","1","","1","http://218.255.176.62/htl/public/assets/media/users/blank.png"
"10","Prof. Andy Satterfield","issac20@example.org","2021-07-24T10:40:39.493000Z","2021-07-24T10:40:39.510000Z","2021-07-24T10:40:39.510000Z","URJCQ","+1-820-323-5923","","","1","","1","http://218.255.176.62/htl/public/assets/media/users/blank.png"
"11","Abraham Powlowski","buckridge.enoch@example.net","2021-07-24T10:40:39.497000Z","2021-07-24T10:40:39.553000Z","2021-07-24T10:40:39.553000Z","sQZdP","13649161028","","","1","","1","http://218.255.176.62/htl/public/assets/media/users/blank.png"
"12","Madalyn McCullough","amy83@example.com","2021-07-24T10:40:39.497000Z","2021-07-24T10:40:39.557000Z","2021-07-24T10:40:39.557000Z","z7U0h","+1-469-224-6045","","","1","","1","http://218.255.176.62/htl/public/assets/media/users/blank.png"
"13","Caroline Conn","mateo44@example.org","2021-07-24T10:40:39.497000Z","2021-07-24T10:40:39.560000Z","2021-07-24T10:40:39.560000Z","b0M6O","+1.325.860.5633","","","1","","1","http://218.255.176.62/htl/public/assets/media/users/blank.png"
"14","Ruben Dickinson I","zhamill@example.com","2021-07-24T10:40:39.497000Z","2021-07-24T10:40:39.563000Z","2021-07-24T10:40:39.563000Z","D1eOi","+1.689.575.7328","","","1","","1","http://218.255.176.62/htl/public/assets/media/users/blank.png"
